{"mean_squared_error": 53.09051117833491, "r2_score": 0.9185949956473287}