{"mean_squared_error": 56.449825000526005, "r2_score": 0.9134440760150263}